GISJOIN,YEAR,REGIONA,DIVISIONA,STATE,STATEA,COUNTYA,COUSUBA,PLACEA,TRACTA,BLKGRPA,CONCITA,AIANHHA,RES_ONLYA,TRUSTA,AITSCEA,ANRCA,CBSAA,CSAA,METDIVA,NECTAA,CNECTAA,NECTADIVA,UAA,CDCURRA,SLDUA,SLDLA,SUBMCDA,SDELM,SDELMA,SDSECA,SDUNIA,PUMA5A,NAME_E,RKYE001,RKYE002,RKYE003,RKYE004,RKYE005,RKYE006,RKYE007,RKYE008,RKYE009,RKYE010,RKYE011,RKYE012,RKYE013,RKYE014,RKYE015,RKYE016,RKYE017,RKYE018,RKYE019,RKYE020,RKYE021,RKYE022,RKYE023,RKYE024,RKYE025,RKYE026,RKYE027,RKYE028,RKYE029,RKYE030,RKYE031,RKYE032,RKYE033,RKYE034,RKYE035,RKYE036,RKYE037,RKYE038,RKYE039,RKYE040,RKYE041,RKYE042,RKYE043,RKYE044,RKYE045,RKYE046,RKYE047,RKYE048,RKYE049,RK9E001,RLAE001,RLAE002,RLAE003,RLAE004,RLAE005,RLAE006,RLAE007,RLAE008,RLAE009,RLAE010,NAME_M,RKYM001,RKYM002,RKYM003,RKYM004,RKYM005,RKYM006,RKYM007,RKYM008,RKYM009,RKYM010,RKYM011,RKYM012,RKYM013,RKYM014,RKYM015,RKYM016,RKYM017,RKYM018,RKYM019,RKYM020,RKYM021,RKYM022,RKYM023,RKYM024,RKYM025,RKYM026,RKYM027,RKYM028,RKYM029,RKYM030,RKYM031,RKYM032,RKYM033,RKYM034,RKYM035,RKYM036,RKYM037,RKYM038,RKYM039,RKYM040,RKYM041,RKYM042,RKYM043,RKYM044,RKYM045,RKYM046,RKYM047,RKYM048,RKYM049,RK9M001,RLAM001,RLAM002,RLAM003,RLAM004,RLAM005,RLAM006,RLAM007,RLAM008,RLAM009,RLAM010
G25000014,2005-2009,,,Massachusetts,25,,,,,,,,,,,,,,,,,,,,,,,Chesterfield-Goshen School District,14,,,,"Chesterfield-Goshen School District, Massachusetts",2246,1116,59,53,84,50,17,14,0,25,49,34,94,142,99,101,100,36,40,6,17,30,26,21,19,1130,37,70,71,36,94,10,0,26,13,92,80,112,121,89,86,23,29,38,12,30,17,29,15,2246,2246,2188,2,0,37,0,0,19,4,15,"Chesterfield-Goshen School District, Massachusetts",297,134,23,21,59,24,14,18,127,20,20,31,38,75,42,32,44,25,23,7,11,24,17,13,15,206,22,34,65,17,99,11,127,23,9,71,25,37,40,33,36,12,13,21,10,18,12,24,10,297,297,293,3,127,38,127,127,21,6,20
G25000043,2005-2009,,,Massachusetts,25,,,,,,,,,,,,,,,,,,,,,,,Up-Island Regional School District,43,,,,"Up-Island Regional School District, Massachusetts",3797,1804,77,90,162,109,8,3,26,31,33,91,133,127,168,171,174,60,102,32,34,85,28,34,26,1993,125,119,116,59,97,0,0,3,22,111,96,190,224,148,208,63,39,65,71,68,76,71,22,3797,3797,3285,107,252,0,0,37,116,46,70,"Up-Island Regional School District, Massachusetts",71,159,67,45,80,50,12,5,39,30,36,60,103,59,76,96,66,33,54,33,22,42,23,22,17,168,82,53,61,35,92,127,127,5,27,62,58,77,104,61,75,34,25,48,39,41,42,36,22,71,71,161,105,65,127,127,31,80,57,55
G25001680,2005-2009,,,Massachusetts,25,,,,,,,,,,,,,,,,,,,,,,,Acton School District,1680,,,,"Acton School District, Massachusetts",20777,10313,865,719,1173,543,203,93,52,231,148,531,727,1258,1001,822,627,201,197,162,201,216,143,124,76,10464,561,877,1086,635,123,85,21,152,291,455,1004,1119,911,1085,603,177,295,134,188,176,179,126,181,20777,20777,16601,308,14,3231,0,223,400,84,316,"Acton School District, Massachusetts",38,293,235,139,159,146,76,58,35,95,85,161,175,166,169,160,134,70,71,80,85,79,61,65,46,288,147,139,218,138,72,48,24,74,101,129,224,172,158,147,125,76,93,68,68,94,57,55,81,38,38,545,155,18,476,127,133,176,90,154
G25001740,2005-2009,,,Massachusetts,25,,,,,,,,,,,,,,,,,,,,,,,Acushnet School District,1740,,,,"Acushnet School District, Massachusetts",10372,5227,394,312,384,180,134,40,48,260,237,311,423,467,410,302,329,115,179,179,160,64,131,79,89,5145,343,342,196,264,167,99,26,157,333,351,241,412,320,410,318,146,139,164,130,180,132,120,155,10372,10372,9951,29,23,77,0,106,186,73,113,"Acushnet School District, Massachusetts",31,255,149,180,114,85,82,35,41,112,109,107,160,105,119,97,81,54,73,128,74,43,60,40,50,255,154,119,98,116,84,80,32,82,153,98,94,83,99,117,98,60,56,125,72,68,58,60,72,31,31,189,34,38,70,127,105,138,78,128
G25001890,2005-2009,,,Massachusetts,25,,,,,,,,,,,,,,,,,,,,,,,Amherst School District,1890,,,,"Amherst School District, Massachusetts",35971,18126,344,458,479,377,3869,2363,2668,1938,604,511,520,556,560,655,717,276,190,234,225,223,104,120,135,17845,416,424,664,452,3957,2622,1880,1409,456,505,476,629,622,736,667,209,417,94,333,190,241,150,296,35971,35971,28926,1782,112,3206,0,1010,935,230,705,"Amherst School District, Massachusetts",31,610,115,130,125,107,506,512,526,431,147,132,132,135,141,160,146,79,86,107,83,87,54,64,59,613,134,115,145,107,472,599,387,341,142,155,142,161,171,161,136,83,113,52,99,91,95,72,126,31,31,604,282,65,310,127,337,232,141,190
G25002520,2005-2009,,,Massachusetts,25,,,,,,,,,,,,,,,,,,,,,,,Berkley School District,2520,,,,"Berkley School District, Massachusetts",6409,3007,145,174,284,129,60,20,0,92,152,156,286,348,283,250,266,72,57,56,32,57,49,32,7,3402,122,358,361,139,120,40,29,53,156,196,309,351,294,282,121,132,50,23,51,82,55,71,7,6409,6409,6260,57,0,36,0,19,37,0,37,"Berkley School District, Massachusetts",20,152,66,66,91,56,37,24,127,58,73,75,114,99,82,87,77,46,34,36,32,39,34,29,12,153,81,103,115,56,71,31,29,63,66,74,103,92,85,78,51,70,31,31,33,69,37,46,12,20,20,119,67,127,33,127,30,44,127,44
G25002550,2005-2009,,,Massachusetts,25,,,,,,,,,,,,,,,,,,,,,,,Berlin School District,2550,,,,"Berlin School District, Massachusetts",2795,1363,58,43,81,27,11,9,30,42,41,51,91,149,123,79,91,63,114,34,63,43,35,69,16,1432,47,126,103,106,20,0,0,42,23,33,106,137,142,121,121,37,35,42,21,85,38,19,28,2795,2795,2679,20,0,29,5,4,58,12,46,"Berlin School District, Massachusetts",19,104,35,23,34,17,11,13,33,28,25,30,37,36,55,31,40,33,44,21,27,22,32,42,17,101,27,39,55,55,25,127,127,31,20,25,46,47,50,43,59,24,18,26,17,50,33,16,22,19,19,82,30,127,29,12,6,42,14,40
G25002850,2005-2009,,,Massachusetts,25,,,,,,,,,,,,,,,,,,,,,,,Boxborough School District,2850,,,,"Boxborough School District, Massachusetts",5101,2525,200,179,207,163,84,49,10,46,129,129,114,197,342,152,231,68,48,43,18,56,35,25,0,2576,115,128,256,159,71,38,37,66,126,181,110,267,276,218,166,56,58,47,58,37,35,36,35,5101,5101,4255,28,20,673,0,7,118,29,89,"Boxborough School District, Massachusetts",19,148,88,68,66,59,51,36,16,41,77,72,55,72,85,57,73,38,34,26,19,45,28,22,127,149,79,60,86,48,42,35,45,52,69,66,51,101,62,69,72,38,35,33,36,28,26,24,44,19,19,162,26,19,139,127,10,78,34,70
G25002880,2005-2009,,,Massachusetts,25,,,,,,,,,,,,,,,,,,,,,,,Boxford School District,2880,,,,"Boxford School District, Massachusetts",8175,3985,132,356,386,308,56,71,18,62,101,92,311,260,433,446,260,123,110,36,97,83,139,55,50,4190,255,287,349,335,156,21,18,94,160,92,238,330,441,429,265,60,125,35,118,133,152,32,65,8175,8175,7984,28,0,86,0,0,77,17,60,"Boxford School District, Massachusetts",29,181,80,118,104,112,52,51,30,85,82,59,120,90,107,117,103,57,66,33,52,45,72,41,42,180,108,99,134,111,98,33,28,85,84,59,84,95,114,125,100,48,53,26,61,71,99,29,57,29,29,123,46,127,68,127,127,66,23,62
G25002910,2005-2009,,,Massachusetts,25,,,,,,,,,,,,,,,,,,,,,,,Boylston School District,2910,,,,"Boylston School District, Massachusetts",4365,2099,141,105,167,85,61,27,10,54,73,38,174,185,337,223,110,78,34,40,33,38,35,22,29,2266,144,131,145,156,51,12,29,67,36,89,156,237,234,182,190,31,58,42,82,63,48,22,61,4365,4365,4190,0,5,123,0,23,24,0,24,"Boylston School District, Massachusetts",19,140,74,51,73,53,40,28,18,42,64,32,69,61,97,75,56,70,31,32,24,31,21,20,21,139,60,51,59,85,39,21,31,45,32,48,54,71,74,64,83,32,76,29,53,61,31,18,35,19,19,124,127,11,100,127,37,28,127,28
G25002970,2005-2009,,,Massachusetts,25,,,,,,,,,,,,,,,,,,,,,,,Brewster School District,2970,,,,"Brewster School District, Massachusetts",10059,4680,215,261,267,228,41,17,34,121,132,179,230,280,234,405,431,195,208,68,253,245,210,306,120,5379,152,243,254,210,61,72,17,154,163,137,345,403,331,553,527,129,200,150,266,303,252,255,202,10059,10059,9683,137,25,38,0,16,160,0,160,"Brewster School District, Massachusetts",22,254,112,100,87,109,39,28,37,72,86,112,125,99,89,127,121,79,88,43,93,96,76,117,72,255,80,101,111,124,44,82,23,109,88,90,113,118,88,141,97,59,76,90,96,111,106,114,138,22,22,231,111,40,57,127,26,157,127,157
G25003060,2005-2009,,,Massachusetts,25,,,,,,,,,,,,,,,,,,,,,,,Brimfield School District,3060,,,,"Brimfield School District, Massachusetts",3800,1773,81,182,107,50,34,0,27,34,56,64,129,180,213,71,236,80,95,45,16,45,0,28,0,2027,94,236,165,85,19,34,0,34,50,116,103,211,176,161,191,50,15,15,61,86,14,55,56,3800,3800,3764,15,0,0,0,21,0,0,0,"Brimfield School District, Massachusetts",26,133,52,82,57,38,33,127,36,44,51,45,70,94,77,61,113,55,54,37,26,39,127,28,127,135,79,108,81,67,25,44,127,44,43,63,56,94,85,67,80,44,22,22,49,66,21,49,49,26,26,46,23,127,127,127,32,127,127,127
G25003120,2005-2009,,,Massachusetts,25,,,,,,,,,,,,,,,,,,,,,,,Brookfield School District,3120,,,,"Brookfield School District, Massachusetts",3409,1594,35,78,154,67,7,10,0,23,47,157,90,126,51,168,224,45,115,70,18,67,24,9,9,1815,72,59,87,105,35,7,15,22,115,163,113,104,134,194,129,73,65,67,73,83,16,54,30,3409,3409,3366,12,0,16,0,10,5,0,5,"Brookfield School District, Massachusetts",19,127,32,61,74,45,11,16,127,26,29,82,62,70,33,76,72,37,64,55,21,58,39,14,14,126,62,72,60,67,35,11,24,26,77,94,74,54,57,84,57,53,46,48,56,58,18,43,26,19,19,42,19,127,25,127,16,9,127,9
G25003330,2005-2009,,,Massachusetts,25,,,,,,,,,,,,,,,,,,,,,,,Carlisle School District,3330,,,,"Carlisle School District, Massachusetts",4817,2379,93,150,270,172,36,50,40,12,4,30,64,230,329,248,143,97,116,46,76,53,109,11,0,2438,111,192,361,132,22,13,32,12,12,47,86,307,282,266,171,86,89,81,26,66,21,23,0,4817,4817,4324,16,0,371,0,0,106,0,106,"Carlisle School District, Massachusetts",28,134,51,80,89,63,32,43,35,20,8,24,39,86,79,79,58,42,48,37,40,30,60,17,127,137,58,64,123,69,24,19,30,20,19,31,44,65,70,78,61,45,53,51,27,39,23,26,127,28,28,191,17,127,159,127,127,119,127,119
G25003720,2005-2009,,,Massachusetts,25,,,,,,,,,,,,,,,,,,,,,,,Clarksburg School District,3720,,,,"Clarksburg School District, Massachusetts",1893,939,62,31,54,50,26,12,9,16,56,42,74,54,93,113,28,36,49,16,31,41,23,7,16,954,29,46,81,54,10,7,18,33,19,33,66,90,85,80,72,12,37,24,21,22,47,29,39,1893,1893,1861,9,4,0,0,0,19,0,19,"Clarksburg School District, Massachusetts",141,98,29,19,22,26,33,11,9,13,33,25,32,21,30,49,13,17,19,9,15,23,13,6,11,89,13,23,25,28,9,10,12,25,12,18,30,28,26,24,25,8,16,14,13,11,21,21,18,141,141,143,15,6,127,127,127,23,127,23
G25003840,2005-2009,,,Massachusetts,25,,,,,,,,,,,,,,,,,,,,,,,Concord School District,3840,,,,"Concord School District, Massachusetts",17566,9113,424,507,485,434,194,121,94,292,594,454,557,737,871,980,757,213,296,165,127,269,247,203,92,8453,399,806,582,398,88,0,72,194,144,170,402,716,771,836,707,182,271,151,147,377,291,330,419,17566,17566,16097,647,19,423,0,119,261,15,246,"Concord School District, Massachusetts",43,287,132,143,135,121,85,84,72,112,141,134,112,153,163,155,155,80,102,87,60,95,87,66,55,284,116,151,145,112,56,127,84,107,79,69,127,140,145,159,130,78,99,60,65,126,97,98,130,43,43,347,115,22,260,127,100,132,26,124
G25003900,2005-2009,,,Massachusetts,25,,,,,,,,,,,,,,,,,,,,,,,Conway School District,3900,,,,"Conway School District, Massachusetts",1914,965,35,64,66,53,35,8,26,7,21,32,79,90,109,116,107,9,31,13,3,10,27,18,6,949,66,80,54,32,19,10,11,17,23,39,47,117,83,129,76,19,30,9,12,30,24,8,14,1914,1914,1842,9,20,5,0,9,29,16,13,"Conway School District, Massachusetts",191,123,21,36,31,32,24,8,18,7,13,17,43,36,42,37,34,7,19,10,5,9,14,12,8,104,31,36,27,19,15,8,8,11,18,22,24,36,28,34,31,19,19,7,9,20,12,8,10,191,191,179,14,30,7,127,12,34,28,19
G25004080,2005-2009,,,Massachusetts,25,,,,,,,,,,,,,,,,,,,,,,,Deerfield School District,4080,,,,"Deerfield School District, Massachusetts",4724,2353,174,107,165,84,126,37,25,113,46,30,205,154,252,218,162,105,124,12,45,94,30,29,16,2371,102,148,137,72,69,26,17,67,74,84,175,92,311,334,139,74,48,17,79,63,93,27,123,4724,4724,4545,22,0,64,0,0,93,23,70,"Deerfield School District, Massachusetts",14,147,99,57,73,63,89,42,36,116,52,34,110,82,94,92,77,58,62,20,40,48,32,32,24,149,74,66,61,61,50,39,28,66,59,60,81,59,110,100,62,44,45,26,47,48,63,31,84,14,14,119,28,127,72,127,127,70,34,63
G25004260,2005-2009,,,Massachusetts,25,,,,,,,,,,,,,,,,,,,,,,,Dover School District,4260,,,,"Dover School District, Massachusetts",5663,2649,108,232,277,117,85,0,0,58,77,56,98,272,259,241,261,87,74,11,80,54,91,81,30,3014,207,237,297,164,96,24,31,96,71,73,93,339,311,166,266,78,51,56,68,132,85,51,22,5663,5663,5112,11,0,278,0,94,168,0,168,"Dover School District, Massachusetts",39,177,54,83,94,64,55,127,127,63,57,50,49,60,92,84,126,42,45,18,55,37,44,54,27,178,126,106,108,73,53,27,34,80,49,44,43,60,84,67,72,42,35,36,49,45,70,38,23,39,39,216,20,127,119,127,116,97,127,97
G25004530,2005-2009,,,Massachusetts,25,,,,,,,,,,,,,,,,,,,,,,,Eastham School District,4530,,,,"Eastham School District, Massachusetts",5488,2594,74,142,77,82,119,63,68,105,69,34,105,101,86,179,395,128,86,96,91,145,219,88,42,2894,70,81,23,78,52,25,18,101,33,99,93,106,261,131,374,140,161,132,82,336,188,157,153,5488,5488,5358,0,0,109,0,0,21,0,21,"Eastham School District, Massachusetts",20,200,81,63,62,82,105,79,85,81,58,38,64,91,47,75,142,73,44,67,50,63,97,44,55,202,70,51,33,64,64,41,30,88,40,64,63,63,119,72,135,92,92,57,41,121,73,77,94,20,20,127,127,127,119,127,127,36,127,36
G25004650,2005-2009,,,Massachusetts,25,,,,,,,,,,,,,,,,,,,,,,,Oak Bluffs School District,4650,,,,"Oak Bluffs School District, Massachusetts",3835,1590,127,45,187,17,134,41,0,28,20,58,153,210,98,115,25,25,39,27,48,83,43,42,25,2245,76,245,101,104,57,0,23,22,179,177,185,109,110,141,125,25,78,72,10,86,92,120,108,3835,3835,2918,424,0,38,0,342,113,0,113,"Oak Bluffs School District, Massachusetts",15,205,128,55,104,28,123,70,127,50,29,54,110,133,70,78,30,30,46,42,40,66,41,34,24,207,96,108,66,52,62,127,36,34,104,105,126,75,82,67,68,24,71,73,16,60,45,87,76,15,15,224,213,127,51,127,191,94,127,94
G25004710,2005-2009,,,Massachusetts,25,,,,,,,,,,,,,,,,,,,,,,,Erving School District,4710,,,,"Erving School District, Massachusetts",1863,935,72,55,64,38,34,7,7,29,73,65,78,68,33,78,100,35,13,20,23,11,4,15,13,928,53,52,44,47,3,6,4,31,87,53,49,67,68,86,68,37,28,31,20,35,22,20,17,1863,1863,1786,0,0,12,0,21,44,0,44,"Erving School District, Massachusetts",184,98,34,28,35,20,24,7,7,17,34,21,29,28,22,26,26,21,13,11,11,7,7,9,7,112,23,30,21,34,5,6,4,29,28,31,22,27,26,27,22,19,13,18,13,18,12,17,12,184,184,182,127,127,20,127,22,24,127,24
G25004920,2005-2009,,,Massachusetts,25,,,,,,,,,,,,,,,,,,,,,,,Florida School District,4920,,,,"Florida School District, Massachusetts",966,518,4,24,31,13,62,17,4,48,9,37,26,48,58,15,33,4,6,6,18,13,36,3,3,448,31,38,26,10,23,4,0,21,7,25,20,48,33,53,26,4,14,18,0,26,11,0,10,966,966,903,57,0,0,0,0,6,0,6,"Florida School District, Massachusetts",173,95,6,20,19,14,42,15,6,32,8,26,12,24,31,10,24,5,6,7,11,10,25,6,4,95,22,23,21,9,21,6,127,18,7,18,14,35,19,26,19,5,10,14,127,18,9,127,7,173,173,153,58,127,127,127,127,8,127,8
G25005040,2005-2009,,,Massachusetts,25,,,,,,,,,,,,,,,,,,,,,,,Freetown School District,5040,,,,"Freetown School District, Massachusetts",9013,4686,195,358,415,304,127,73,33,165,214,218,383,477,280,405,344,174,168,80,85,56,67,37,28,4327,289,194,356,215,86,35,111,66,194,238,426,456,381,399,271,191,144,65,49,101,38,6,16,9013,9013,8666,166,24,0,0,130,27,27,0,"Freetown School District, Massachusetts",18,176,78,110,102,98,69,47,31,67,83,87,119,107,85,120,84,146,73,53,61,41,46,35,31,178,107,87,106,97,48,31,71,48,81,87,118,131,113,103,82,79,77,46,40,55,31,10,26,18,18,209,172,33,127,127,104,42,42,127
G25005430,2005-2009,,,Massachusetts,25,,,,,,,,,,,,,,,,,,,,,,,Granville School District,5430,,,,"Granville School District, Massachusetts",1659,796,35,84,58,20,11,40,0,14,42,38,67,56,62,77,63,7,46,9,22,23,12,10,0,863,50,44,60,49,16,4,15,11,30,47,55,61,69,118,63,17,26,17,11,37,30,24,9,1659,1659,1613,0,7,8,0,8,23,0,23,"Granville School District, Massachusetts",157,94,15,26,22,10,10,25,127,11,21,21,29,23,21,22,22,7,21,13,14,13,9,7,127,91,23,19,23,15,14,6,11,8,17,20,19,25,26,36,19,17,14,15,9,18,18,15,8,157,157,151,127,10,8,127,10,24,127,24
G25005610,2005-2009,,,Massachusetts,25,,,,,,,,,,,,,,,,,,,,,,,Halifax School District,5610,,,,"Halifax School District, Massachusetts",7735,3716,91,335,288,139,113,170,32,183,182,110,214,390,205,368,257,79,141,158,65,109,29,44,14,4019,252,161,301,148,95,32,102,89,169,151,283,392,372,376,301,116,89,124,72,97,90,120,87,7735,7735,7287,57,164,0,0,34,193,26,167,"Halifax School District, Massachusetts",23,219,56,125,86,68,70,125,42,88,87,59,84,91,95,112,120,49,81,90,67,66,34,41,22,221,110,68,116,89,71,35,90,59,84,66,114,89,130,130,102,78,46,85,56,70,59,71,82,23,23,251,86,171,127,127,32,129,31,124
G25005760,2005-2009,,,Massachusetts,25,,,,,,,,,,,,,,,,,,,,,,,Hancock School District,5760,,,,"Hancock School District, Massachusetts",738,405,21,36,27,59,17,11,0,4,0,16,25,26,40,29,11,16,14,12,4,7,15,15,0,333,19,29,12,3,14,0,0,3,23,18,24,34,25,31,23,14,10,9,8,17,9,8,0,738,738,738,0,0,0,0,0,0,0,0,"Hancock School District, Massachusetts",132,82,18,21,16,39,19,12,127,6,127,15,20,15,19,17,12,13,17,10,7,7,12,10,127,64,14,19,10,5,17,127,127,5,18,13,13,19,14,17,19,12,8,8,8,11,9,9,127,132,132,132,127,127,127,127,127,127,127,127
G25006000,2005-2009,,,Massachusetts,25,,,,,,,,,,,,,,,,,,,,,,,Hawlemont School District,6000,,,,"Hawlemont School District, Massachusetts",1518,755,31,22,16,14,14,6,26,41,42,61,45,46,77,72,54,16,30,25,35,52,13,9,8,763,41,34,19,47,8,8,3,24,51,32,41,42,63,70,66,30,44,17,32,32,22,16,21,1518,1518,1443,24,16,18,0,9,8,0,8,"Hawlemont School District, Massachusetts",142,85,22,15,10,11,14,6,22,19,35,35,22,22,30,26,27,9,13,18,16,23,11,8,6,80,33,20,10,21,7,9,4,18,34,22,17,15,26,23,29,22,19,9,15,16,12,10,11,142,142,146,21,18,25,127,11,9,127,9
G25006210,2005-2009,,,Massachusetts,25,,,,,,,,,,,,,,,,,,,,,,,Holland School District,6210,,,,"Holland School District, Massachusetts",2563,1431,17,50,165,81,30,6,9,123,111,87,63,161,149,88,131,28,11,31,30,22,20,4,14,1132,52,72,64,40,32,7,30,18,64,92,75,154,138,102,62,4,48,19,12,15,10,17,5,2563,2563,2457,0,18,37,0,0,51,0,51,"Holland School District, Massachusetts",21,78,16,26,61,42,28,9,13,109,65,50,26,58,60,38,48,20,11,17,17,18,15,7,13,78,30,47,31,24,22,10,31,23,41,50,35,51,58,43,27,8,23,15,14,16,11,18,8,21,21,64,127,20,43,127,127,42,127,42
G25006540,2005-2009,,,Massachusetts,25,,,,,,,,,,,,,,,,,,,,,,,Kingston School District,6540,,,,"Kingston School District, Massachusetts",12360,5717,330,517,504,209,94,40,58,149,285,333,299,585,510,473,339,203,127,191,41,114,160,50,106,6643,554,439,422,278,84,0,151,198,280,189,518,665,539,465,486,175,179,94,45,105,240,228,309,12360,12360,11927,0,0,273,17,47,96,43,53,"Kingston School District, Massachusetts",35,324,105,122,156,93,56,45,69,123,207,104,97,138,129,112,90,111,69,79,35,54,82,34,67,324,191,151,142,111,59,127,115,115,136,90,132,130,147,136,133,78,76,67,28,53,104,91,122,35,35,278,127,127,244,27,73,81,68,43
G25006570,2005-2009,,,Massachusetts,25,,,,,,,,,,,,,,,,,,,,,,,Lakeville School District,6570,,,,"Lakeville School District, Massachusetts",10460,5359,434,382,390,293,95,59,19,239,276,200,328,572,508,486,390,151,137,43,55,108,90,73,31,5101,309,335,357,316,72,95,65,181,201,185,351,570,590,451,188,126,163,32,33,125,47,156,153,10460,10460,9887,264,0,131,0,59,119,0,119,"Lakeville School District, Massachusetts",29,280,147,146,130,101,64,53,31,176,117,99,135,136,112,147,107,70,58,41,41,61,71,70,36,278,140,123,152,185,40,67,98,84,96,69,126,128,146,120,75,62,80,37,36,65,46,87,101,29,29,376,303,127,179,127,97,97,127,97
G25006630,2005-2009,,,Massachusetts,25,,,,,,,,,,,,,,,,,,,,,,,Lanesborough School District,6630,,,,"Lanesborough School District, Massachusetts",3130,1495,45,85,63,90,54,0,0,33,53,56,122,164,143,171,104,29,48,63,74,45,9,20,24,1635,8,179,188,62,72,16,0,10,10,97,131,93,187,113,124,77,70,86,22,20,25,12,33,3130,3130,2983,46,0,67,0,34,0,0,0,"Lanesborough School District, Massachusetts",56,124,35,43,36,59,59,127,127,29,56,35,64,62,58,68,62,24,34,33,49,48,13,19,20,126,10,93,75,41,49,18,127,16,15,53,59,50,73,55,52,40,35,47,23,20,22,14,27,56,56,131,70,127,86,127,52,127,127,127
G25006810,2005-2009,,,Massachusetts,25,,,,,,,,,,,,,,,,,,,,,,,Leverett School District,6810,,,,"Leverett School District, Massachusetts",1914,919,26,36,32,36,14,40,11,57,44,35,47,35,70,53,110,39,61,51,15,66,12,22,7,995,37,82,49,38,15,14,3,45,29,37,40,61,50,98,80,62,85,19,32,78,27,5,9,1914,1914,1659,12,0,201,0,12,30,13,17,"Leverett School District, Massachusetts",283,137,20,18,15,15,16,52,13,38,35,18,32,15,30,18,38,15,33,27,9,34,9,12,7,179,26,49,24,16,10,9,5,41,24,21,21,22,19,24,25,35,59,11,29,32,29,5,8,283,283,163,18,127,263,127,13,27,20,20
G25006900,2005-2009,,,Massachusetts,25,,,,,,,,,,,,,,,,,,,,,,,Lincoln School District,6900,,,,"Lincoln School District, Massachusetts",8297,4149,436,412,484,206,62,71,36,118,140,96,276,279,401,256,229,92,115,62,52,31,100,58,137,4148,62,347,450,221,92,8,73,115,161,240,227,401,371,296,218,102,204,28,27,86,194,99,126,8297,8297,7129,220,0,471,0,161,316,0,316,"Lincoln School District, Massachusetts",21,213,150,118,141,120,48,52,38,77,95,70,115,74,102,97,97,64,64,51,46,32,52,47,68,213,59,107,143,100,67,19,71,69,91,116,94,119,117,105,87,60,83,33,31,53,88,57,66,21,21,341,242,127,158,127,148,205,127,205
G25007290,2005-2009,,,Massachusetts,25,,,,,,,,,,,,,,,,,,,,,,,Marion School District,7290,,,,"Marion School District, Massachusetts",5167,2473,88,169,185,170,88,10,0,104,67,85,142,224,162,182,178,107,81,70,55,132,67,39,68,2694,65,95,200,171,20,68,0,56,156,101,148,172,202,284,170,92,61,70,14,78,107,140,224,5167,5167,4790,0,23,107,0,99,148,127,21,"Marion School District, Massachusetts",20,208,66,91,96,91,62,16,127,82,66,57,80,88,75,75,76,62,52,49,42,69,52,37,43,208,53,61,94,77,32,78,127,45,102,65,71,62,82,87,74,50,39,40,21,54,55,72,125,20,20,165,127,39,111,127,73,90,85,33
G25007470,2005-2009,,,Massachusetts,25,,,,,,,,,,,,,,,,,,,,,,,Mattapoisett School District,7470,,,,"Mattapoisett School District, Massachusetts",6456,2992,46,151,130,169,43,21,22,66,48,72,174,265,356,305,279,88,150,117,77,139,131,94,49,3464,104,180,322,164,109,0,80,124,30,80,190,281,262,316,269,94,195,53,180,151,77,76,127,6456,6456,6383,51,0,0,0,14,8,0,8,"Mattapoisett School District, Massachusetts",18,168,49,64,85,95,39,36,38,69,44,70,91,98,153,91,111,83,80,72,44,55,61,52,49,171,70,91,111,103,60,127,69,118,37,69,106,117,101,106,90,60,87,46,77,66,49,53,76,18,18,63,67,127,127,127,23,14,127,14
G25007830,2005-2009,,,Massachusetts,25,,,,,,,,,,,,,,,,,,,,,,,Middleton School District,7830,,,,"Middleton School District, Massachusetts",8958,4885,173,217,375,145,65,84,176,257,402,203,448,628,480,362,249,132,121,67,66,62,123,21,29,4073,294,439,268,149,62,28,12,56,56,152,378,443,268,231,311,144,75,59,124,173,76,204,71,8958,8958,8037,97,22,251,0,487,64,0,64,"Middleton School District, Massachusetts",30,201,71,108,114,70,45,48,89,97,126,84,136,123,155,112,92,76,64,42,48,44,78,22,28,199,170,180,112,81,50,33,19,55,42,106,152,161,93,95,105,80,58,42,73,104,70,101,42,30,30,254,54,31,149,127,195,88,127,88
G25008220,2005-2009,,,Massachusetts,25,,,,,,,,,,,,,,,,,,,,,,,Nahant School District,8220,,,,"Nahant School District, Massachusetts",3602,1744,19,100,110,95,24,26,22,48,24,74,37,77,210,178,166,93,111,64,34,77,54,60,41,1858,11,98,168,70,127,0,13,22,65,62,74,181,135,154,196,92,28,35,31,27,76,98,95,3602,3602,3511,11,0,35,0,34,11,0,11,"Nahant School District, Massachusetts",20,123,32,51,71,45,30,32,27,39,27,44,45,42,93,67,62,49,58,43,29,45,38,47,29,124,19,64,57,45,125,127,21,23,43,34,53,63,57,56,77,51,31,31,25,23,54,42,77,20,20,82,20,127,61,127,31,19,127,19
G25008530,2005-2009,,,Massachusetts,25,,,,,,,,,,,,,,,,,,,,,,,New Salem-Wendell School District,8530,,,,"New Salem-Wendell School District, Massachusetts",1808,866,34,46,33,27,26,5,0,22,21,41,80,95,86,68,101,25,53,18,22,33,15,15,0,942,22,45,24,61,9,3,0,19,36,53,97,71,126,56,107,43,41,42,30,39,5,4,9,1808,1808,1741,27,0,15,0,12,13,0,13,"New Salem-Wendell School District, Massachusetts",197,108,19,20,15,19,16,7,127,22,14,23,28,36,31,20,33,12,22,10,13,17,10,9,127,127,17,27,12,29,8,5,127,16,23,26,44,35,52,17,30,22,19,21,17,15,5,6,8,197,197,190,26,127,18,127,17,14,127,14
G25008640,2005-2009,,,Massachusetts,25,,,,,,,,,,,,,,,,,,,,,,,Norfolk School District,8640,,,,"Norfolk School District, Massachusetts",10968,6927,337,369,403,191,128,89,80,202,357,732,570,602,915,836,356,192,150,51,131,148,41,42,5,4041,367,305,309,271,81,10,22,52,69,182,416,314,459,398,233,90,85,92,53,60,36,63,74,10968,10968,9514,639,24,161,3,322,305,45,260,"Norfolk School District, Massachusetts",38,628,116,109,117,78,64,47,42,85,133,639,129,141,246,220,108,121,65,36,56,76,28,32,10,628,137,93,92,102,47,16,24,39,48,60,98,86,114,101,70,46,44,52,36,33,28,43,63,38,38,458,265,28,99,3,122,249,36,248
G25008880,2005-2009,,,Massachusetts,25,,,,,,,,,,,,,,,,,,,,,,,Northborough School District,8880,,,,"Northborough School District, Massachusetts",14732,7179,370,722,599,348,186,134,0,253,254,237,627,529,840,588,573,145,212,63,67,198,100,70,64,7553,454,615,689,373,90,60,137,235,231,265,690,618,631,584,603,211,205,87,136,211,209,86,133,14732,14732,13301,74,17,964,0,223,153,12,141,"Northborough School District, Massachusetts",22,249,120,165,147,113,82,84,127,97,98,80,145,127,139,127,110,66,86,40,49,71,51,40,50,253,112,139,140,122,58,54,81,84,87,85,131,134,154,133,127,93,81,50,73,77,72,72,114,22,22,231,54,19,166,127,144,77,19,76
G25009090,2005-2009,,,Massachusetts,25,,,,,,,,,,,,,,,,,,,,,,,Edgartown School District,9090,,,,"Edgartown School District, Massachusetts",4003,2143,135,94,47,119,97,0,0,83,67,151,86,193,85,257,400,44,99,19,41,22,59,18,27,1860,237,22,74,63,24,0,13,123,6,46,188,129,102,198,194,0,168,58,80,44,26,65,0,4003,4003,3939,0,0,11,0,0,53,0,53,"Edgartown School District, Massachusetts",23,253,107,56,39,70,98,127,127,68,69,72,89,151,55,157,129,54,68,28,42,30,42,21,40,252,172,29,56,54,38,127,24,121,11,40,92,100,55,96,132,127,127,42,64,50,28,65,127,23,23,94,127,127,19,127,127,71,127,71
G25009180,2005-2009,,,Massachusetts,25,,,,,,,,,,,,,,,,,,,,,,,Orange School District,9180,,,,"Orange School District, Massachusetts",7689,3468,229,232,248,187,100,34,0,78,223,298,153,223,252,300,278,155,133,29,70,46,135,31,34,4221,226,185,228,201,90,111,24,57,331,193,306,345,371,347,321,54,153,118,56,111,179,93,121,7689,7689,7452,59,14,14,0,20,130,51,79,"Orange School District, Massachusetts",26,245,113,115,115,92,77,39,127,54,115,90,96,93,100,92,92,86,72,32,44,41,66,32,31,243,92,75,149,87,74,83,27,44,130,81,88,127,125,81,99,40,93,65,42,59,80,68,64,26,26,111,43,20,28,127,24,97,58,77
G25009210,2005-2009,,,Massachusetts,25,,,,,,,,,,,,,,,,,,,,,,,Orleans School District,9210,,,,"Orleans School District, Massachusetts",6282,2940,132,83,73,48,25,27,20,8,55,67,99,304,167,291,276,53,180,59,229,228,326,75,115,3342,53,98,65,84,31,0,10,81,74,57,80,128,160,206,354,60,393,165,174,335,384,165,185,6282,6282,6165,0,0,80,0,37,0,0,0,"Orleans School District, Massachusetts",23,256,83,57,58,42,30,30,26,14,57,43,72,124,72,126,116,33,80,54,117,96,115,55,66,257,46,72,49,41,30,127,15,70,56,47,50,42,61,100,106,35,175,73,77,110,134,70,96,23,23,91,127,127,83,127,43,127,127,127
G25009390,2005-2009,,,Massachusetts,25,,,,,,,,,,,,,,,,,,,,,,,Pelham School District,9390,,,,"Pelham School District, Massachusetts",1343,587,29,40,38,40,17,0,4,18,7,21,38,30,54,47,66,14,26,10,27,23,21,6,11,756,16,34,61,35,24,0,4,13,27,38,59,46,77,75,78,28,27,8,16,36,22,32,0,1343,1343,1268,15,4,6,0,6,44,3,41,"Pelham School District, Massachusetts",93,62,13,17,18,18,13,127,5,19,6,10,20,13,20,19,19,9,13,8,16,11,10,6,8,65,9,16,24,19,18,127,5,10,17,20,22,16,21,19,20,12,14,7,10,13,12,17,127,93,93,90,13,6,6,127,6,32,5,31
G25009540,2005-2009,,,Massachusetts,25,,,,,,,,,,,,,,,,,,,,,,,Petersham School District,9540,,,,"Petersham School District, Massachusetts",1246,508,20,22,31,42,15,0,0,33,6,22,35,23,50,48,56,26,9,18,7,17,18,10,0,738,27,14,19,4,13,0,7,11,17,32,15,24,70,41,48,22,42,0,25,46,40,28,193,1246,1246,1193,4,0,32,0,0,17,0,17,"Petersham School District, Massachusetts",250,78,11,11,20,16,10,127,127,18,7,12,17,12,17,17,15,12,11,12,7,16,11,8,127,230,14,11,12,6,11,127,7,10,11,16,9,13,20,16,18,11,46,127,25,29,29,24,160,250,250,250,5,127,25,127,127,17,127,17
G25009690,2005-2009,,,Massachusetts,25,,,,,,,,,,,,,,,,,,,,,,,Plainville School District,9690,,,,"Plainville School District, Massachusetts",8167,3655,229,229,338,170,63,104,0,38,179,169,332,369,321,345,184,70,117,57,71,103,103,30,34,4512,254,285,261,202,93,39,66,269,239,238,373,229,323,339,278,64,102,33,109,223,222,140,131,8167,8167,7756,136,14,147,0,114,0,0,0,"Plainville School District, Massachusetts",34,215,88,84,110,86,58,69,127,45,130,78,88,127,100,132,89,59,86,54,50,80,60,33,39,214,111,95,99,72,57,45,57,124,145,90,98,91,112,135,121,54,56,32,58,105,108,95,75,34,34,199,110,23,112,127,125,127,127,127
G25009780,2005-2009,,,Massachusetts,25,,,,,,,,,,,,,,,,,,,,,,,Plympton School District,9780,,,,"Plympton School District, Massachusetts",2754,1363,123,127,87,23,61,7,29,44,83,21,123,91,111,119,62,27,62,46,42,29,34,12,0,1391,86,71,66,63,25,16,13,46,62,31,127,129,115,149,105,47,77,25,23,32,63,20,0,2754,2754,2708,0,0,0,0,13,33,14,19,"Plympton School District, Massachusetts",17,92,72,47,46,18,32,11,36,28,41,18,52,45,49,37,35,19,34,26,29,25,31,13,127,88,42,40,39,36,19,17,15,30,37,19,53,75,44,47,48,24,41,17,18,19,43,17,127,17,17,44,127,127,127,127,15,30,21,19
G25010080,2005-2009,,,Massachusetts,25,,,,,,,,,,,,,,,,,,,,,,,Richmond School District,10080,,,,"Richmond School District, Massachusetts",1838,898,25,38,72,31,37,5,8,16,11,48,20,65,57,90,82,47,66,22,61,19,47,20,11,940,14,58,84,34,4,3,3,9,20,29,54,88,50,117,115,25,64,23,8,39,35,42,22,1838,1838,1819,0,9,0,0,0,10,0,10,"Richmond School District, Massachusetts",158,106,17,26,36,20,26,7,12,11,9,29,15,26,24,28,28,28,26,12,22,13,23,12,9,102,14,30,45,18,6,4,4,9,10,23,29,27,17,30,29,13,23,12,8,17,23,21,13,158,158,158,127,14,127,127,127,11,127,11
G25010140,2005-2009,,,Massachusetts,25,,,,,,,,,,,,,,,,,,,,,,,Rochester School District,10140,,,,"Rochester School District, Massachusetts",5223,2705,97,185,286,158,72,69,14,77,119,158,108,213,271,189,205,94,90,32,108,69,62,0,29,2518,111,73,221,238,81,40,15,16,46,151,213,169,181,254,245,53,95,40,70,107,10,31,58,5223,5223,4884,158,0,91,0,49,41,29,12,"Rochester School District, Massachusetts",22,138,55,73,75,67,43,56,23,49,66,68,49,74,59,69,71,53,68,25,57,31,56,127,27,137,51,37,97,111,63,44,25,25,38,63,71,62,64,72,63,32,55,33,59,41,16,28,48,22,22,245,210,127,93,127,54,40,35,21
G25010230,2005-2009,,,Massachusetts,25,,,,,,,,,,,,,,,,,,,,,,,Rowe School District,10230,,,,"Rowe School District, Massachusetts",418,205,5,11,3,10,0,3,3,0,5,9,8,22,11,16,20,16,20,2,2,10,14,15,0,213,14,8,5,9,0,0,2,11,11,5,8,20,11,15,15,22,12,6,4,3,16,15,1,418,418,400,0,0,0,0,0,18,0,18,"Rowe School District, Massachusetts",55,29,6,8,5,12,127,4,4,127,7,7,7,17,9,9,10,9,7,3,3,7,7,7,127,39,10,6,5,10,127,127,3,12,16,5,7,11,7,8,9,10,7,5,4,4,8,9,4,55,55,51,127,127,127,127,127,19,127,19
G25010530,2005-2009,,,Massachusetts,25,,,,,,,,,,,,,,,,,,,,,,,Savoy School District,10530,,,,"Savoy School District, Massachusetts",763,426,7,15,36,14,5,14,19,24,11,11,40,23,49,34,51,11,4,13,3,19,6,17,0,337,5,34,23,17,0,4,0,0,8,16,39,44,24,34,22,3,18,7,7,15,12,0,5,763,763,753,0,0,0,0,0,10,10,0,"Savoy School District, Massachusetts",105,74,7,9,20,12,7,20,22,22,10,8,21,12,25,22,26,9,5,10,4,11,7,9,127,53,6,17,14,13,127,6,127,127,7,9,22,22,19,21,12,5,12,7,7,12,11,127,7,105,105,107,127,127,127,127,127,14,14,127
G25010710,2005-2009,,,Massachusetts,25,,,,,,,,,,,,,,,,,,,,,,,Sherborn School District,10710,,,,"Sherborn School District, Massachusetts",4230,2139,168,167,234,102,128,0,80,35,57,49,55,215,172,149,115,74,107,19,23,104,15,40,31,2091,129,123,165,105,32,15,0,12,21,78,104,196,307,156,189,40,67,42,120,62,7,86,35,4230,4230,3988,0,0,215,0,11,16,16,0,"Sherborn School District, Massachusetts",17,118,61,58,85,60,58,127,50,37,42,33,36,51,62,71,54,61,38,20,18,39,16,44,30,118,56,59,63,61,33,24,127,19,24,39,49,53,73,59,68,31,38,27,58,38,11,53,27,17,17,176,127,127,166,127,19,25,25,127
G25010740,2005-2009,,,Massachusetts,25,,,,,,,,,,,,,,,,,,,,,,,Shirley School District,10740,,,,"Shirley School District, Massachusetts",7848,4465,232,210,202,104,71,51,34,198,535,381,567,412,504,256,249,63,78,43,88,17,77,53,40,3383,170,321,193,138,21,23,0,58,340,265,287,217,375,185,88,118,166,18,40,37,67,189,67,7848,7848,6682,554,22,133,0,191,266,0,266,"Shirley School District, Massachusetts",36,306,127,103,97,68,54,57,33,86,154,91,182,122,158,114,81,60,52,42,93,28,61,43,44,303,104,152,83,86,35,35,127,53,155,127,104,84,124,80,70,70,108,31,40,47,47,111,67,36,36,266,173,27,85,127,110,176,127,176
G25010800,2005-2009,,,Massachusetts,25,,,,,,,,,,,,,,,,,,,,,,,Shutesbury School District,10800,,,,"Shutesbury School District, Massachusetts",1935,968,82,79,45,24,19,17,13,21,57,39,86,59,62,108,129,45,23,9,11,20,9,11,0,967,56,53,49,37,14,3,0,24,25,47,78,63,133,132,130,22,36,14,12,20,9,6,4,1935,1935,1831,6,0,21,0,5,72,0,72,"Shutesbury School District, Massachusetts",174,103,45,31,20,15,12,15,10,14,26,26,36,25,24,29,53,23,12,7,9,11,7,10,127,93,27,21,20,24,9,4,127,20,19,25,41,22,37,55,35,10,16,9,7,11,7,6,5,174,174,178,8,127,20,127,8,62,127,62
G25010950,2005-2009,,,Massachusetts,25,,,,,,,,,,,,,,,,,,,,,,,Southampton School District,10950,,,,"Southampton School District, Massachusetts",5835,2852,114,236,187,161,28,55,32,105,76,147,172,314,339,141,179,43,136,27,115,92,46,107,0,2983,86,171,205,102,197,20,0,109,35,104,249,252,383,183,269,83,153,62,78,95,74,0,73,5835,5835,5823,0,0,0,0,12,0,0,0,"Southampton School District, Massachusetts",18,193,80,132,92,113,27,47,36,81,45,95,97,96,113,68,72,39,57,32,60,51,30,72,127,196,63,84,97,72,134,32,127,74,26,73,108,72,103,83,106,53,69,44,52,81,48,127,49,18,18,28,127,127,127,127,20,127,127,127
G25010980,2005-2009,,,Massachusetts,25,,,,,,,,,,,,,,,,,,,,,,,Southborough School District,10980,,,,"Southborough School District, Massachusetts",9681,4876,379,494,462,226,125,16,34,63,21,149,467,493,374,496,301,126,127,113,89,110,66,129,16,4805,295,596,322,295,30,26,0,48,152,171,385,531,341,468,325,101,156,85,129,111,54,92,92,9681,9681,8527,86,0,864,0,92,112,10,102,"Southborough School District, Massachusetts",26,236,99,161,114,106,59,27,38,63,24,74,146,93,101,112,102,80,60,63,47,61,46,58,24,231,101,158,108,102,33,41,127,49,86,84,115,121,94,109,137,54,72,48,66,61,41,57,73,26,26,310,85,127,277,127,83,86,15,85
G25011310,2005-2009,,,Massachusetts,25,,,,,,,,,,,,,,,,,,,,,,,Sturbridge School District,11310,,,,"Sturbridge School District, Massachusetts",8826,4130,304,322,267,220,76,87,32,129,259,203,267,406,397,224,347,116,26,111,63,134,71,45,24,4696,265,298,253,244,124,65,50,118,270,228,253,438,506,305,332,146,43,99,177,182,257,43,0,8826,8826,8372,0,0,298,0,0,156,9,147,"Sturbridge School District, Massachusetts",45,200,109,119,86,78,54,56,38,106,133,76,112,106,118,79,113,67,30,99,55,66,45,42,28,206,120,107,85,97,61,77,41,64,122,75,80,128,112,93,128,84,39,63,121,76,109,41,127,45,45,239,127,127,188,127,127,132,15,132
G25011340,2005-2009,,,Massachusetts,25,,,,,,,,,,,,,,,,,,,,,,,Sudbury School District,11340,,,,"Sudbury School District, Massachusetts",17244,8178,502,681,846,528,184,56,88,151,103,162,375,972,1015,669,589,187,153,51,126,151,313,141,135,9066,548,1002,956,520,146,82,54,192,88,275,640,857,912,745,582,172,181,61,150,228,297,196,182,17244,17244,15714,139,0,986,0,168,237,21,216,"Sudbury School District, Massachusetts",28,266,122,137,169,145,68,44,59,68,58,72,86,131,134,125,110,78,69,38,54,59,108,73,96,265,129,207,179,150,58,44,34,85,52,89,128,140,145,159,128,78,76,41,60,78,85,111,88,28,28,243,105,127,194,127,141,124,25,127
G25011370,2005-2009,,,Massachusetts,25,,,,,,,,,,,,,,,,,,,,,,,Sunderland School District,11370,,,,"Sunderland School District, Massachusetts",3779,1874,116,122,86,87,64,20,182,82,143,185,77,112,136,152,114,20,12,7,17,28,53,10,49,1905,17,70,69,127,28,102,153,150,200,139,64,101,209,130,27,0,0,0,47,39,66,68,99,3779,3779,3410,11,17,188,0,82,71,0,71,"Sunderland School District, Massachusetts",17,189,70,98,64,71,56,27,113,56,73,83,57,72,73,58,52,23,19,12,25,28,41,16,34,188,18,44,37,78,43,135,172,72,94,49,46,49,82,52,30,127,127,127,34,33,40,42,85,17,17,148,17,22,104,127,63,62,127,62
G25011670,2005-2009,,,Massachusetts,25,,,,,,,,,,,,,,,,,,,,,,,Topsfield School District,11670,,,,"Topsfield School District, Massachusetts",6096,2870,155,242,294,84,83,34,31,95,124,47,172,258,298,254,186,62,78,30,122,90,43,12,76,3226,130,325,282,189,83,0,38,33,106,44,156,304,304,281,221,11,61,40,49,115,78,140,236,6096,6096,6017,0,42,25,0,12,0,0,0,"Topsfield School District, Massachusetts",15,195,88,72,87,50,53,39,35,67,80,34,72,69,79,72,63,42,55,35,68,56,33,21,54,195,70,95,85,91,58,127,40,36,81,31,71,83,79,84,77,18,43,43,52,60,59,68,242,15,15,61,127,48,29,127,19,127,127,127
G25011730,2005-2009,,,Massachusetts,25,,,,,,,,,,,,,,,,,,,,,,,Truro School District,11730,,,,"Truro School District, Massachusetts",1938,951,0,7,35,85,24,0,0,0,11,0,123,48,46,86,124,51,110,16,75,29,51,24,6,987,0,50,43,97,7,24,0,0,22,9,62,49,82,104,111,48,48,43,62,10,61,19,36,1938,1938,1938,0,0,0,0,0,0,0,0,"Truro School District, Massachusetts",331,198,127,11,36,82,26,127,127,127,18,127,106,45,46,54,70,43,64,19,51,33,29,26,10,223,127,71,41,65,11,28,127,127,36,14,58,43,65,66,67,39,40,37,46,15,44,18,36,331,331,331,127,127,127,127,127,127,127,127
G25011940,2005-2009,,,Massachusetts,25,,,,,,,,,,,,,,,,,,,,,,,Wales School District,11940,,,,"Wales School District, Massachusetts",2143,1144,72,126,53,26,10,33,13,30,83,112,28,96,106,61,102,55,26,29,21,32,10,20,0,999,41,51,40,28,16,7,14,38,66,92,52,55,107,95,117,29,83,6,30,11,11,7,3,2143,2143,2081,12,14,0,0,0,36,0,36,"Wales School District, Massachusetts",245,156,40,53,24,18,11,24,15,24,62,50,18,38,39,27,37,30,20,21,21,18,9,17,127,146,25,29,30,19,11,8,23,24,41,43,24,28,43,33,40,23,31,7,17,10,11,8,5,245,245,238,19,16,127,127,127,46,127,46
G25012300,2005-2009,,,Massachusetts,25,,,,,,,,,,,,,,,,,,,,,,,Wellfleet School District,12300,,,,"Wellfleet School District, Massachusetts",3041,1280,0,41,185,0,32,0,6,0,4,47,107,28,139,103,122,75,64,57,57,63,95,44,11,1761,0,43,68,37,3,41,0,68,73,42,67,194,105,180,201,147,82,128,39,143,18,68,14,3041,3041,2991,0,0,0,0,14,36,0,36,"Wellfleet School District, Massachusetts",330,200,127,32,193,127,32,127,14,127,10,58,75,31,95,87,65,52,50,67,73,47,76,42,18,214,127,43,60,26,11,55,127,77,73,65,57,214,74,123,100,95,61,106,37,83,24,45,22,330,330,330,127,127,127,127,21,50,127,50
G25012570,2005-2009,,,Massachusetts,25,,,,,,,,,,,,,,,,,,,,,,,Tisbury School District,12570,,,,"Tisbury School District, Massachusetts",3884,1870,108,22,131,60,23,0,0,316,27,88,19,135,287,149,128,56,84,20,72,55,25,65,0,2014,0,30,135,74,28,0,0,170,119,104,126,103,252,226,245,50,52,31,23,46,52,71,77,3884,3884,3343,47,54,0,0,428,12,0,12,"Tisbury School District, Massachusetts",14,200,113,39,90,46,39,127,127,196,30,58,29,101,106,105,64,58,62,32,56,64,29,49,127,200,127,27,80,50,50,127,127,136,99,78,102,72,126,88,148,41,49,32,26,41,45,63,62,14,14,520,52,37,127,127,536,20,127,20
G25012690,2005-2009,,,Massachusetts,25,,,,,,,,,,,,,,,,,,,,,,,Westhampton School District,12690,,,,"Westhampton School District, Massachusetts",1824,834,36,59,52,35,12,3,6,36,22,35,30,91,103,79,94,21,24,12,13,31,13,18,9,990,51,75,30,78,33,28,4,24,25,47,61,113,66,89,114,33,16,17,17,20,25,11,13,1824,1824,1740,42,0,0,0,36,6,3,3,"Westhampton School District, Massachusetts",195,94,19,29,24,20,12,5,8,36,10,20,14,37,41,28,47,9,12,9,8,17,10,12,8,125,25,45,17,36,34,28,6,16,11,20,29,43,22,25,47,13,9,10,12,12,13,10,9,195,195,180,65,127,127,127,54,7,5,5
G25012870,2005-2009,,,Massachusetts,25,,,,,,,,,,,,,,,,,,,,,,,Whately School District,12870,,,,"Whately School District, Massachusetts",1588,901,24,58,33,47,13,10,9,66,58,80,54,55,48,132,92,12,26,24,8,14,7,21,10,687,20,20,17,24,14,4,14,12,24,13,65,57,99,75,124,9,26,18,12,11,9,14,6,1588,1588,1502,10,0,0,0,8,68,0,68,"Whately School District, Massachusetts",241,157,16,46,22,25,15,14,11,41,48,49,33,32,25,40,42,13,23,18,8,10,9,16,10,116,19,23,16,19,17,6,18,11,22,10,44,32,42,32,40,10,18,11,14,8,8,13,7,241,241,231,17,127,127,127,16,56,127,56
G25012990,2005-2009,,,Massachusetts,25,,,,,,,,,,,,,,,,,,,,,,,Williamsburg School District,12990,,,,"Williamsburg School District, Massachusetts",2477,1203,61,50,78,60,16,5,0,23,45,58,70,96,134,173,80,68,37,18,26,19,30,20,36,1274,41,53,80,37,38,32,29,8,60,37,124,100,120,166,113,37,42,26,12,44,6,35,34,2477,2477,2425,17,10,6,0,0,19,10,9,"Williamsburg School District, Massachusetts",17,75,35,25,32,29,18,8,127,36,33,35,42,35,53,54,29,41,21,15,19,17,29,19,21,76,34,26,35,21,34,28,24,12,31,21,40,43,41,55,37,17,25,19,13,27,10,26,21,17,17,36,17,12,9,127,127,19,14,14
G25013020,2005-2009,,,Massachusetts,25,,,,,,,,,,,,,,,,,,,,,,,Williamstown School District,13020,,,,"Williamstown School District, Massachusetts",8097,4054,66,302,221,79,401,141,201,304,186,111,183,222,279,214,234,108,93,146,83,157,112,132,79,4043,215,154,133,112,283,107,133,71,105,76,241,309,205,333,250,87,100,111,132,192,259,116,319,8097,8097,7193,151,13,597,0,49,94,0,94,"Williamstown School District, Massachusetts",23,290,42,85,78,51,163,87,148,229,122,62,62,66,78,79,83,55,52,69,53,80,66,59,54,288,101,64,61,58,147,87,100,54,62,49,73,83,65,126,92,46,51,55,74,80,84,47,106,23,23,286,109,19,225,127,58,83,127,83
G25013290,2005-2009,,,Massachusetts,25,,,,,,,,,,,,,,,,,,,,,,,Wrentham School District,13290,,,,"Wrentham School District, Massachusetts",11106,5751,401,509,528,335,171,26,44,161,228,109,391,628,503,413,637,103,134,69,56,152,97,22,34,5355,318,375,505,168,77,28,51,82,49,320,408,578,598,534,383,165,100,40,125,146,110,76,119,11106,11106,10810,218,0,34,0,0,44,0,44,"Wrentham School District, Massachusetts",50,217,132,135,138,120,96,30,40,96,145,66,116,138,106,138,153,79,78,44,43,72,48,38,30,215,114,97,154,63,51,33,58,52,61,100,107,127,119,130,115,95,66,35,95,58,57,46,77,50,50,257,220,127,54,127,127,57,127,57
G25099999,2005-2009,,,Massachusetts,25,,,,,,,,,,,,,,,,,,,,,,,Remainder of Massachusetts,99999,,,,"Remainder of Massachusetts, Massachusetts",6092795,2951796,185966,183753,197418,126058,91997,45547,42977,115638,205830,197561,212645,238176,239337,214176,181314,62804,80156,44854,55319,79357,64780,48354,37779,3140999,179047,177841,185123,118707,95181,44556,42962,118005,203488,200311,221373,241867,247971,225267,196537,70060,88872,52083,64720,100560,92368,82591,91509,6092795,6092795,5006806,392151,11789,296808,2321,265947,116973,23304,93669,"Remainder of Massachusetts, Massachusetts",618,1440,701,2257,2343,565,1650,1462,1602,2027,757,914,2474,2373,778,774,1928,1473,1725,1112,1163,1340,1158,1092,1164,1500,673,2369,2256,649,1532,1416,1838,1993,741,668,2163,2179,771,718,2156,1574,1714,1342,1463,1443,1558,1486,1494,618,618,5948,3407,999,1868,459,6754,3596,1700,3162
